Bank Name,Headquarters,Asset Size,Income,Link
Pacific National Bank,,,,https://www.usbanklocations.com/pacific-national-bank.shtml
BTC Bank,,,,https://www.usbanklocations.com/btc-bank.shtml
Beverly Bank,,,,https://www.usbanklocations.com/beverly-bank.shtml
Quantum National Bank,,,,https://www.usbanklocations.com/quantum-national-bank.shtml
Denmark State Bank,,,,https://www.usbanklocations.com/denmark-state-bank.shtml
AMG National Trust Bank,,,,https://www.usbanklocations.com/amg-national-trust-bank.shtml
Bank of Charles Town,,,,https://www.usbanklocations.com/bank-of-charles-town.shtml
The Dart Bank,,,,https://www.usbanklocations.com/the-dart-bank.shtml
Resource Bank,,,,https://www.usbanklocations.com/resource-bank-3701.shtml
Resource Bank 2,,,,https://www.usbanklocations.com/resource-bank-34803.shtml
"PyraMax Bank, FSB",,,,https://www.usbanklocations.com/pyramax-bank-fsb.shtml
VISIONBANK OF IOWA,,,,https://www.usbanklocations.com/visionbank-of-iowa.shtml
Old Missouri Bank,,,,https://www.usbanklocations.com/old-missouri-bank.shtml
Mid America Bank,,,,https://www.usbanklocations.com/mid-america-bank.shtml
Falcon National Bank,,,,https://www.usbanklocations.com/falcon-national-bank.shtml
CFSBANK,,,,https://www.usbanklocations.com/cfsbank.shtml
Unity Bank,,,,https://www.usbanklocations.com/unity-bank-33503.shtml
Unity Bank 2,,,,https://www.usbanklocations.com/unity-bank-8714.shtml
First Security Bank and Trust Company,,,,https://www.usbanklocations.com/first-security-bank-and-trust-company-1852.shtml
First Security Bank and Trust Company 2,,,,https://www.usbanklocations.com/first-security-bank-and-trust-company-17001.shtml
Legends Bank,,,,https://www.usbanklocations.com/legends-bank-12616.shtml
Legends Bank 2,,,,https://www.usbanklocations.com/legends-bank-34936.shtml
F & M Bank,,,,https://www.usbanklocations.com/f-m-bank.shtml
Grand Savings Bank,,,,https://www.usbanklocations.com/grand-savings-bank.shtml
Texas Bank,,,,https://www.usbanklocations.com/texas-bank-19559.shtml
Texas Bank 2,,,,https://www.usbanklocations.com/texas-bank-21074.shtml
Truxton Trust Company,,,,https://www.usbanklocations.com/truxton-trust-company.shtml
Rocky Mountain Bank,,,,https://www.usbanklocations.com/rocky-mountain-bank-20310.shtml
Rocky Mountain Bank 2,,,,https://www.usbanklocations.com/rocky-mountain-bank-24334.shtml
Walpole Co-operative Bank,,,,https://www.usbanklocations.com/walpole-co-operative-bank.shtml
Dairy State Bank,,,,https://www.usbanklocations.com/dairy-state-bank.shtml
Covenant Bank,,,,https://www.usbanklocations.com/covenant-bank.shtml
York Traditions Bank,,,,https://www.usbanklocations.com/york-traditions-bank.shtml
